algorithm,accuracy,precision,recall,f1,avg_time_per_sample_ms,throughput_samples_per_sec
logistic_regression,0.9043,0.9055,0.9043,0.9045,0.000134,7460204.97
svm,0.9127,0.913,0.9127,0.9128,0.288259,3469.11
knn,0.8951,0.8956,0.8951,0.8953,0.046343,21578.15
ann,0.9123,0.9129,0.9123,0.9122,0.000754,1326927.37
xgboost,0.9068,0.9072,0.9068,0.9069,0.002265,441588.36
